{
  "simulation_summary": {
    "total_rounds": 10,
    "avg_round_time_s": 0.8335,
    "challenge_distribution": {
      "sorting": 3,
      "mathematical": 4,
      "pattern": 3
    },
    "tamper_detection_rate": 100.0,
    "fairness_index": 0.6
  },
  "node_metrics": {
    "N1": {
      "wins": 6,
      "correct_rate": 90.0,
      "final_rep": 9,
      "is_cheater": false,
      "score_history": [
        0.5893187048048619,
        0.9767584921757481,
        1.19597958909628,
        1.1999999999999997,
        1.4,
        1.4,
        1.5999999999999999,
        1.5999999999999999,
        1.7859983051952284,
        1.7999999999999998
      ],
      "rep_history": [
        0,
        1,
        2,
        3,
        4,
        5,
        6,
        7,
        8,
        9
      ]
    },
    "N2": {
      "wins": 3,
      "correct_rate": 90.0,
      "final_rep": 9,
      "is_cheater": false,
      "score_history": [
        0.5797915860830115,
        0.9999999999999999,
        1.1999999999999997,
        1.1700394756139292,
        1.261875378515192,
        1.3578244170822118,
        1.414918385192742,
        1.545405410907314,
        1.7999999999999998,
        1.7260125526327892
      ],
      "rep_history": [
        0,
        1,
        2,
        3,
        4,
        5,
        6,
        7,
        8,
        9
      ]
    },
    "N3": {
      "wins": 0,
      "correct_rate": 80.0,
      "final_rep": 7,
      "is_cheater": false,
      "score_history": [
        0.35,
        0.8925439482723782,
        0.9,
        0.7029618931999283,
        1.1148909304903272,
        1.2501612491417948,
        1.2914391896815567,
        1.4041090731429269,
        1.6422742045126506,
        1.7410963038054081
      ],
      "rep_history": [
        0,
        1,
        2,
        1,
        2,
        3,
        4,
        5,
        6,
        7
      ]
    },
    "N4": {
      "wins": 0,
      "correct_rate": 80.0,
      "final_rep": 7,
      "is_cheater": false,
      "score_history": [
        0.5012931627910027,
        0.7000000000000001,
        0.6061246139384987,
        0.75,
        1.0,
        1.0250000000000001,
        1.24,
        1.25,
        1.4571428571428573,
        1.4625000000000001
      ],
      "rep_history": [
        0,
        1,
        0,
        1,
        2,
        3,
        4,
        5,
        6,
        7
      ]
    },
    "N5": {
      "wins": 1,
      "correct_rate": 0.0,
      "final_rep": 0,
      "is_cheater": true,
      "score_history": [
        0.65,
        0.6466031297007252,
        0.5686638914999329,
        0.693900834324637,
        0.8481265640533407,
        0.9000000000000001,
        1.0383024848793996,
        1.0479770168760052,
        1.1815331464702432,
        1.3
      ],
      "rep_history": [
        0,
        0,
        0,
        0,
        0,
        0,
        0,
        0,
        0,
        0
      ]
    }
  },
  "comparative_validation": {
    "posk_avg_round_time_by_tier": {
      "1": 0.3855,
      "2": 0.6508,
      "3": 1.2022,
      "4": 0.6081,
      "5": 1.3208
    },
    "pow_simulated_time_by_tier": {
      "1": {
        "time_s": 0.0,
        "attempts": 20
      },
      "2": {
        "time_s": 0.0003,
        "attempts": 197
      },
      "3": {
        "time_s": 0.0015,
        "attempts": 1755
      },
      "4": {
        "time_s": 0.0051,
        "attempts": 4477
      },
      "5": {
        "time_s": 0.0491,
        "attempts": 50001
      }
    },
    "note": "PoSk round time is bounded by task complexity (useful work). PoW time grows exponentially with leading-zero requirement and produces no useful output."
  }
}